<boardmodel>
    <Location>
        <FreePass>
            <name>Go</name>
            <cost>0</cost>
        </FreePass>
    </Location>
    <Location>
        <Property>
            <name>Mediterranean Avenue</name>
            <cost>60</cost>
            <costPerHouse>50</costPerHouse>
            <initialRent>2</initialRent>
            <house1Rent>10</house1Rent>
            <house2Rent>30</house2Rent>
            <house3Rent>90</house3Rent>
            <house4Rent>160</house4Rent>
            <hotelRent>250</hotelRent>
            <color>BROWN</color>
            <numOfColors>2</numOfColors>
        </Property>
    </Location>
    <Location>
        <FreePass>
            <name>Free Pass</name>
            <cost>0</cost>
        </FreePass>
    </Location>
    <Location>
        <Property>
            <name>Baltic Avenue</name>
            <cost>60</cost>
            <costPerHouse>50</costPerHouse>
            <initialRent>4</initialRent>
            <house1Rent>20</house1Rent>
            <house2Rent>60</house2Rent>
            <house3Rent>180</house3Rent>
            <house4Rent>320</house4Rent>
            <hotelRent>450</hotelRent>
            <color>BROWN</color>
            <numOfColors>2</numOfColors>
        </Property>
    </Location>
    <Location>
        <Tax>
            <name>Income Tax</name>
            <cost>200</cost>
        </Tax>
    </Location>
    <Location>
        <RailRoad>
            <name>Reading Railroad</name>
            <cost>200</cost>
        </RailRoad>
    </Location>
    <Location>
        <Property>
            <name>Oriental Avenue</name>
            <cost>100</cost>
            <costPerHouse>50</costPerHouse>
            <initialRent>6</initialRent>
            <house1Rent>30</house1Rent>
            <house2Rent>90</house2Rent>
            <house3Rent>270</house3Rent>
            <house4Rent>400</house4Rent>
            <hotelRent>550</hotelRent>
            <color>LIGHTBLUE</color>
            <numOfColors>3</numOfColors>
        </Property>
    </Location>
    <Location>
        <FreePass>
            <name>Free Pass</name>
            <cost>0</cost>
        </FreePass>
    </Location>
    <Location>
        <Property>
            <name>Vermont Avenue</name>
            <cost>100</cost>
            <costPerHouse>50</costPerHouse>
            <initialRent>6</initialRent>
            <house1Rent>30</house1Rent>
            <house2Rent>90</house2Rent>
            <house3Rent>270</house3Rent>
            <house4Rent>400</house4Rent>
            <hotelRent>550</hotelRent>
            <color>LIGHTBLUE</color>
            <numOfColors>3</numOfColors>
        </Property>
    </Location>
    <Location>
        <Property>
            <name>Connecticut Avenue</name>
            <cost>120</cost>
            <costPerHouse>50</costPerHouse>
            <initialRent>8</initialRent>
            <house1Rent>40</house1Rent>
            <house2Rent>100</house2Rent>
            <house3Rent>300</house3Rent>
            <house4Rent>450</house4Rent>
            <hotelRent>600</hotelRent>
            <color>LIGHTBLUE</color>
            <numOfColors>3</numOfColors>
        </Property>
    </Location>
    <Location>
        <LandOnJail>
            <name>In Jail - Just Visiting</name>
            <cost>0</cost>
        </LandOnJail>
    </Location>
    <Location>
        <Property>
            <name>ST.Charles Place</name>
            <cost>140</cost>
            <costPerHouse>100</costPerHouse>
            <initialRent>10</initialRent>
            <house1Rent>50</house1Rent>
            <house2Rent>150</house2Rent>
            <house3Rent>450</house3Rent>
            <house4Rent>625</house4Rent>
            <hotelRent>750</hotelRent>
            <color>PURPLE</color>
            <numOfColors>3</numOfColors>
        </Property>
    </Location>
    <Location>
        <Utility>
            <name>Electric Company</name>
            <cost>150</cost>
        </Utility>
    </Location>
    <Location>
        <Property>
            <name>States Avenue</name>
            <cost>140</cost>
            <costPerHouse>100</costPerHouse>
            <initialRent>10</initialRent>
            <house1Rent>50</house1Rent>
            <house2Rent>150</house2Rent>
            <house3Rent>450</house3Rent>
            <house4Rent>625</house4Rent>
            <hotelRent>750</hotelRent>
            <color>PURPLE</color>
            <numOfColors>3</numOfColors>
        </Property>
    </Location>
    <Location>
        <Property>
            <name>Virginia Avenue</name>
            <cost>160</cost>
            <costPerHouse>100</costPerHouse>
            <initialRent>12</initialRent>
            <house1Rent>60</house1Rent>
            <house2Rent>180</house2Rent>
            <house3Rent>500</house3Rent>
            <house4Rent>700</house4Rent>
            <hotelRent>900</hotelRent>
            <color>PURPLE</color>
            <numOfColors>3</numOfColors>
        </Property>
    </Location>
    <Location>
        <RailRoad>
            <name>Pennsylvania Railroad</name>
            <cost>200</cost>
        </RailRoad>
    </Location>
    <Location>
        <Property>
            <name>ST. James Place</name>
            <cost>180</cost>
            <costPerHouse>100</costPerHouse>
            <initialRent>14</initialRent>
            <house1Rent>70</house1Rent>
            <house2Rent>200</house2Rent>
            <house3Rent>550</house3Rent>
            <house4Rent>750</house4Rent>
            <hotelRent>950</hotelRent>
            <color>ORANGE</color>
            <numOfColors>3</numOfColors>
        </Property>
    </Location>
    <Location>
        <FreePass>
            <name>Free Pass</name>
            <cost>0</cost>
        </FreePass>
    </Location>
    <Location>
        <Property>
            <name>Tenessee Avenue</name>
            <cost>180</cost>
            <costPerHouse>100</costPerHouse>
            <initialRent>14</initialRent>
            <house1Rent>70</house1Rent>
            <house2Rent>200</house2Rent>
            <house3Rent>550</house3Rent>
            <house4Rent>750</house4Rent>
            <hotelRent>950</hotelRent>
            <color>ORANGE</color>
            <numOfColors>3</numOfColors>
        </Property>
    </Location>
    <Location>
        <Property>
            <name>New York Avenue</name>
            <cost>200</cost>
            <costPerHouse>100</costPerHouse>
            <initialRent>16</initialRent>
            <house1Rent>80</house1Rent>
            <house2Rent>220</house2Rent>
            <house3Rent>600</house3Rent>
            <house4Rent>800</house4Rent>
            <hotelRent>1000</hotelRent>
            <color>ORANGE</color>
            <numOfColors>3</numOfColors>
        </Property>
    </Location>
    <Location>
        <FreeParking>
            <name>Free Parking</name>
            <cost>0</cost>
        </FreeParking>
    </Location>
    <Location>
        <Property>
            <name>Kentucky Avenue</name>
            <cost>220</cost>
            <costPerHouse>150</costPerHouse>
            <initialRent>18</initialRent>
            <house1Rent>90</house1Rent>
            <house2Rent>250</house2Rent>
            <house3Rent>700</house3Rent>
            <house4Rent>875</house4Rent>
            <hotelRent>1050</hotelRent>
            <color>RED</color>
            <numOfColors>3</numOfColors>
        </Property>
    </Location>
    <Location>
        <FreePass>
            <name>Free Pass</name>
            <cost>0</cost>
        </FreePass>
    </Location>
    <Location>
        <Property>
            <name>Indiana Avenue</name>
            <cost>220</cost>
            <costPerHouse>150</costPerHouse>
            <initialRent>18</initialRent>
            <house1Rent>90</house1Rent>
            <house2Rent>250</house2Rent>
            <house3Rent>700</house3Rent>
            <house4Rent>875</house4Rent>
            <hotelRent>1050</hotelRent>
            <color>RED</color>
            <numOfColors>3</numOfColors>
        </Property>
    </Location>
    <Location>
        <Property>
            <name>Illinois Avenue</name>
            <cost>240</cost>
            <costPerHouse>150</costPerHouse>
            <initialRent>20</initialRent>
            <house1Rent>100</house1Rent>
            <house2Rent>300</house2Rent>
            <house3Rent>750</house3Rent>
            <house4Rent>925</house4Rent>
            <hotelRent>1110</hotelRent>
            <color>RED</color>
            <numOfColors>3</numOfColors>
        </Property>
    </Location>
    <Location>
        <RailRoad>
            <name>B&amp;O RailRoad</name>
            <cost>200</cost>
        </RailRoad>
    </Location>
    <Location>
        <Property>
            <name>Atlantic Avenue</name>
            <cost>260</cost>
            <costPerHouse>150</costPerHouse>
            <initialRent>22</initialRent>
            <house1Rent>110</house1Rent>
            <house2Rent>330</house2Rent>
            <house3Rent>800</house3Rent>
            <house4Rent>975</house4Rent>
            <hotelRent>1150</hotelRent>
            <color>YELLOW</color>
            <numOfColors>3</numOfColors>
        </Property>
    </Location>
    <Location>
        <Property>
            <name>Ventnor Avenue</name>
            <cost>260</cost>
            <costPerHouse>150</costPerHouse>
            <initialRent>22</initialRent>
            <house1Rent>110</house1Rent>
            <house2Rent>330</house2Rent>
            <house3Rent>800</house3Rent>
            <house4Rent>975</house4Rent>
            <hotelRent>1150</hotelRent>
            <color>YELLOW</color>
            <numOfColors>3</numOfColors>
        </Property>
    </Location>
    <Location>
        <Utility>
            <name>Water Works</name>
            <cost>150</cost>
        </Utility>
    </Location>
    <Location>
        <Property>
            <name>Marvin Gardens</name>
            <cost>280</cost>
            <costPerHouse>150</costPerHouse>
            <initialRent>24</initialRent>
            <house1Rent>120</house1Rent>
            <house2Rent>360</house2Rent>
            <house3Rent>850</house3Rent>
            <house4Rent>1025</house4Rent>
            <hotelRent>1200</hotelRent>
            <color>YELLOW</color>
            <numOfColors>3</numOfColors>
        </Property>
    </Location>
    <Location>
        <GoToJail>
            <name>In Jail</name>
            <cost>0</cost>
        </GoToJail>
    </Location>
    <Location>
        <Property>
            <name>Pacific Avenue</name>
            <cost>300</cost>
            <costPerHouse>200</costPerHouse>
            <initialRent>26</initialRent>
            <house1Rent>130</house1Rent>
            <house2Rent>390</house2Rent>
            <house3Rent>900</house3Rent>
            <house4Rent>1100</house4Rent>
            <hotelRent>1275</hotelRent>
            <color>GREEN</color>
            <numOfColors>3</numOfColors>
        </Property>
    </Location>
    <Location>
        <Property>
            <name>North Carolina Avenue</name>
            <cost>300</cost>
            <costPerHouse>200</costPerHouse>
            <initialRent>26</initialRent>
            <house1Rent>130</house1Rent>
            <house2Rent>390</house2Rent>
            <house3Rent>900</house3Rent>
            <house4Rent>1100</house4Rent>
            <hotelRent>1275</hotelRent>
            <color>GREEN</color>
            <numOfColors>3</numOfColors>
        </Property>
    </Location>
    <Location>
        <FreePass>
            <name>Free Pass</name>
            <cost>0</cost>
        </FreePass>
    </Location>
    <Location>
        <Property>
            <name>Pennsylvania Avenue</name>
            <cost>320</cost>
            <costPerHouse>200</costPerHouse>
            <initialRent>28</initialRent>
            <house1Rent>150</house1Rent>
            <house2Rent>450</house2Rent>
            <house3Rent>1000</house3Rent>
            <house4Rent>1200</house4Rent>
            <hotelRent>1400</hotelRent>
            <color>GREEN</color>
            <numOfColors>3</numOfColors>
        </Property>
    </Location>
    <Location>
        <RailRoad>
            <name>ShortLine Railroad</name>
            <cost>200</cost>
        </RailRoad>
    </Location>
    <Location>
        <FreePass>
            <name>Free Pass</name>
            <cost>0</cost>
        </FreePass>
    </Location>
    <Location>
        <Property>
            <name>Park Place</name>
            <cost>350</cost>
            <costPerHouse>200</costPerHouse>
            <initialRent>35</initialRent>
            <house1Rent>175</house1Rent>
            <house2Rent>500</house2Rent>
            <house3Rent>1100</house3Rent>
            <house4Rent>1300</house4Rent>
            <hotelRent>1500</hotelRent>
            <color>DARKBLUE</color>
            <numOfColors>2</numOfColors>
        </Property>
    </Location>
    <Location>
        <Tax>
            <name>Luxury Tax</name>
            <cost>100</cost>
        </Tax>
    </Location>
    <Location>
        <Property>
            <name>Boardwalk</name>
            <cost>400</cost>
            <costPerHouse>200</costPerHouse>
            <initialRent>50</initialRent>
            <house1Rent>200</house1Rent>
            <house2Rent>600</house2Rent>
            <house3Rent>1400</house3Rent>
            <house4Rent>1700</house4Rent>
            <hotelRent>200</hotelRent>
            <color>DARKBLUE</color>
            <numOfColors>2</numOfColors>
        </Property>
    </Location>
</boardmodel>