<boardmodel>
    <Location>
        <FreePass>
            <name>Go</name>
            <cost>0</cost>
        </FreePass>
    </Location>
    <Location>
        <Property>
            <name>Liverpool</name>
            <cost>600000</cost>
            <costPerHouse>50000</costPerHouse>
            <initialRent>20000</initialRent>
            <house1Rent>100000</house1Rent>
            <house2Rent>300000</house2Rent>
            <house3Rent>900000</house3Rent>
            <house4Rent>1600000</house4Rent>
            <hotelRent>2500000</hotelRent>
            <color>BROWN</color>
            <numOfColors>2</numOfColors>
        </Property>
    </Location>
    <Location>
        <FreePass>
            <name>Free Pass</name>
            <cost>0</cost>
        </FreePass>
    </Location>
    <Location>
        <Property>
            <name>Leeds</name>
            <cost>600000</cost>
            <costPerHouse>50000</costPerHouse>
            <initialRent>40000</initialRent>
            <house1Rent>200000</house1Rent>
            <house2Rent>600000</house2Rent>
            <house3Rent>1800000</house3Rent>
            <house4Rent>3200000</house4Rent>
            <hotelRent>4500000</hotelRent>
            <color>BROWN</color>
            <numOfColors>2</numOfColors>
        </Property>
    </Location>
    <Location>
        <Tax>
            <name>Income Tax</name>
            <cost>2000000</cost>
        </Tax>
    </Location>
    <Location>
        <RailRoad>
            <name>Glasgow Airport</name>
            <cost>2000000</cost>
        </RailRoad>
    </Location>
    <Location>
        <Property>
            <name>Middlesbrough</name>
            <cost>1000000</cost>
            <costPerHouse>50000</costPerHouse>
            <initialRent>60000</initialRent>
            <house1Rent>300000</house1Rent>
            <house2Rent>900000</house2Rent>
            <house3Rent>2700000</house3Rent>
            <house4Rent>4000000</house4Rent>
            <hotelRent>5500000</hotelRent>
            <color>LIGHTBLUE</color>
            <numOfColors>3</numOfColors>
        </Property>
    </Location>
    <Location>
        <FreePass>
            <name>Free Pass</name>
            <cost>0</cost>
        </FreePass>
    </Location>
    <Location>
        <Property>
            <name>Cardiff</name>
            <cost>1000000</cost>
            <costPerHouse>50000</costPerHouse>
            <initialRent>60000</initialRent>
            <house1Rent>300000</house1Rent>
            <house2Rent>900000</house2Rent>
            <house3Rent>2700000</house3Rent>
            <house4Rent>4000000</house4Rent>
            <hotelRent>5500000</hotelRent>
            <color>LIGHTBLUE</color>
            <numOfColors>3</numOfColors>
        </Property>
    </Location>
    <Location>
        <Property>
            <name>York</name>
            <cost>1200000</cost>
            <costPerHouse>50000</costPerHouse>
            <initialRent>80000</initialRent>
            <house1Rent>400000</house1Rent>
            <house2Rent>1000000</house2Rent>
            <house3Rent>3000000</house3Rent>
            <house4Rent>4500000</house4Rent>
            <hotelRent>6000000</hotelRent>
            <color>LIGHTBLUE</color>
            <numOfColors>3</numOfColors>
        </Property>
    </Location>
    <Location>
        <LandOnJail>
            <name>In Jail - Just Visiting</name>
            <cost>0</cost>
        </LandOnJail>
    </Location>
    <Location>
        <Property>
            <name>Colchester</name>
            <cost>1400000</cost>
            <costPerHouse>1000000</costPerHouse>
            <initialRent>100000</initialRent>
            <house1Rent>500000</house1Rent>
            <house2Rent>1500000</house2Rent>
            <house3Rent>4500000</house3Rent>
            <house4Rent>6250000</house4Rent>
            <hotelRent>7500000</hotelRent>
            <color>PURPLE</color>
            <numOfColors>3</numOfColors>
        </Property>
    </Location>
    <Location>
        <Utility>
            <name>Telecoms</name>
            <cost>1500000</cost>
        </Utility>
    </Location>
    <Location>
        <Property>
            <name>Manchester</name>
            <cost>140</cost>
            <costPerHouse>1000000</costPerHouse>
            <initialRent>100000</initialRent>
            <house1Rent>500000</house1Rent>
            <house2Rent>1500000</house2Rent>
            <house3Rent>4500000</house3Rent>
            <house4Rent>6250000</house4Rent>
            <hotelRent>7500000</hotelRent>
            <color>PURPLE</color>
            <numOfColors>3</numOfColors>
        </Property>
    </Location>
    <Location>
        <Property>
            <name>London</name>
            <cost>1600000</cost>
            <costPerHouse>1000000</costPerHouse>
            <initialRent>120000</initialRent>
            <house1Rent>600000</house1Rent>
            <house2Rent>1800000</house2Rent>
            <house3Rent>5000000</house3Rent>
            <house4Rent>7000000</house4Rent>
            <hotelRent>9000000</hotelRent>
            <color>PURPLE</color>
            <numOfColors>3</numOfColors>
        </Property>
    </Location>
    <Location>
        <RailRoad>
            <name>Belfast Airport</name>
            <cost>2000000</cost>
        </RailRoad>
    </Location>
    <Location>
        <Property>
            <name>Derby</name>
            <cost>180</cost>
            <costPerHouse>100000</costPerHouse>
            <initialRent>140000</initialRent>
            <house1Rent>700000</house1Rent>
            <house2Rent>2000000</house2Rent>
            <house3Rent>5500000</house3Rent>
            <house4Rent>7500000</house4Rent>
            <hotelRent>9500000</hotelRent>
            <color>ORANGE</color>
            <numOfColors>3</numOfColors>
        </Property>
    </Location>
    <Location>
        <FreePass>
            <name>Free Pass</name>
            <cost>0</cost>
        </FreePass>
    </Location>
    <Location>
        <Property>
            <name>Plymouth</name>
            <cost>1800000</cost>
            <costPerHouse>1000000</costPerHouse>
            <initialRent>140000</initialRent>
            <house1Rent>700000</house1Rent>
            <house2Rent>2000000</house2Rent>
            <house3Rent>5500000</house3Rent>
            <house4Rent>7500000</house4Rent>
            <hotelRent>9500000</hotelRent>
            <color>ORANGE</color>
            <numOfColors>3</numOfColors>
        </Property>
    </Location>
    <Location>
        <Property>
            <name>Lincoln</name>
            <cost>2000000</cost>
            <costPerHouse>1000000</costPerHouse>
            <initialRent>160000</initialRent>
            <house1Rent>800000</house1Rent>
            <house2Rent>2200000</house2Rent>
            <house3Rent>6000000</house3Rent>
            <house4Rent>8000000</house4Rent>
            <hotelRent>10000000</hotelRent>
            <color>ORANGE</color>
            <numOfColors>3</numOfColors>
        </Property>
    </Location>
    <Location>
        <FreeParking>
            <name>Free Parking</name>
            <cost>0</cost>
        </FreeParking>
    </Location>
    <Location>
        <Property>
            <name>Dundee</name>
            <cost>220</cost>
            <costPerHouse>1500000</costPerHouse>
            <initialRent>180000</initialRent>
            <house1Rent>900000</house1Rent>
            <house2Rent>2500000</house2Rent>
            <house3Rent>7000000</house3Rent>
            <house4Rent>8750000</house4Rent>
            <hotelRent>10500000</hotelRent>
            <color>RED</color>
            <numOfColors>3</numOfColors>
        </Property>
    </Location>
    <Location>
        <FreePass>
            <name>Free Pass</name>
            <cost>0</cost>
        </FreePass>
    </Location>
    <Location>
        <Property>
            <name>Keele</name>
            <cost>2200000</cost>
            <costPerHouse>1500000</costPerHouse>
            <initialRent>180000</initialRent>
            <house1Rent>900000</house1Rent>
            <house2Rent>2500000</house2Rent>
            <house3Rent>7000000</house3Rent>
            <house4Rent>8750000</house4Rent>
            <hotelRent>10500000</hotelRent>
            <color>RED</color>
            <numOfColors>3</numOfColors>
        </Property>
    </Location>
    <Location>
        <Property>
            <name>Norwich</name>
            <cost>2400000</cost>
            <costPerHouse>1500000</costPerHouse>
            <initialRent>200000</initialRent>
            <house1Rent>1000000</house1Rent>
            <house2Rent>3000000</house2Rent>
            <house3Rent>7500000</house3Rent>
            <house4Rent>9250000</house4Rent>
            <hotelRent>11100000</hotelRent>
            <color>RED</color>
            <numOfColors>3</numOfColors>
        </Property>
    </Location>
    <Location>
        <RailRoad>
            <name>Cardiff Airport</name>
            <cost>2000000</cost>
        </RailRoad>
    </Location>
    <Location>
        <Property>
            <name>Birmingham</name>
            <cost>2600000</cost>
            <costPerHouse>1500000</costPerHouse>
            <initialRent>220000</initialRent>
            <house1Rent>1100000</house1Rent>
            <house2Rent>3300000</house2Rent>
            <house3Rent>8000000</house3Rent>
            <house4Rent>9750000</house4Rent>
            <hotelRent>11500000</hotelRent>
            <color>YELLOW</color>
            <numOfColors>3</numOfColors>
        </Property>
    </Location>
    <Location>
        <Property>
            <name>Oxford</name>
            <cost>2600000</cost>
            <costPerHouse>1500000</costPerHouse>
            <initialRent>220000</initialRent>
            <house1Rent>1100000</house1Rent>
            <house2Rent>3300000</house2Rent>
            <house3Rent>8000000</house3Rent>
            <house4Rent>9750000</house4Rent>
            <hotelRent>11500000</hotelRent>
            <color>YELLOW</color>
            <numOfColors>3</numOfColors>
        </Property>
    </Location>
    <Location>
        <Utility>
            <name>Satellite</name>
            <cost>1500000</cost>
        </Utility>
    </Location>
    <Location>
        <Property>
            <name>Stoke On Trent</name>
            <cost>2800000</cost>
            <costPerHouse>1500000</costPerHouse>
            <initialRent>240000</initialRent>
            <house1Rent>1200000</house1Rent>
            <house2Rent>3600000</house2Rent>
            <house3Rent>8500000</house3Rent>
            <house4Rent>10250000</house4Rent>
            <hotelRent>12000000</hotelRent>
            <color>YELLOW</color>
            <numOfColors>3</numOfColors>
        </Property>
    </Location>
    <Location>
        <GoToJail>
            <name>In Jail</name>
            <cost>0</cost>
        </GoToJail>
    </Location>
    <Location>
        <Property>
            <name>Sheffield</name>
            <cost>3000000</cost>
            <costPerHouse>2000000</costPerHouse>
            <initialRent>260000</initialRent>
            <house1Rent>1300000</house1Rent>
            <house2Rent>3900000</house2Rent>
            <house3Rent>9000000</house3Rent>
            <house4Rent>11000000</house4Rent>
            <hotelRent>12750000</hotelRent>
            <color>GREEN</color>
            <numOfColors>3</numOfColors>
        </Property>
    </Location>
    <Location>
        <Property>
            <name>Cambridge</name>
            <cost>3000000</cost>
            <costPerHouse>2000000</costPerHouse>
            <initialRent>260000</initialRent>
            <house1Rent>1300000</house1Rent>
            <house2Rent>3900000</house2Rent>
            <house3Rent>9000000</house3Rent>
            <house4Rent>11000000</house4Rent>
            <hotelRent>12750000</hotelRent>
            <color>GREEN</color>
            <numOfColors>3</numOfColors>
        </Property>
    </Location>
    <Location>
        <FreePass>
            <name>Free Pass</name>
            <cost>0</cost>
        </FreePass>
    </Location>
    <Location>
        <Property>
            <name>Nottingham</name>
            <cost>3200000</cost>
            <costPerHouse>2000000</costPerHouse>
            <initialRent>280000</initialRent>
            <house1Rent>1500000</house1Rent>
            <house2Rent>4500000</house2Rent>
            <house3Rent>10000000</house3Rent>
            <house4Rent>12000000</house4Rent>
            <hotelRent>14000000</hotelRent>
            <color>GREEN</color>
            <numOfColors>3</numOfColors>
        </Property>
    </Location>
    <Location>
        <RailRoad>
            <name>Luton Airport</name>
            <cost>2000000</cost>
        </RailRoad>
    </Location>
    <Location>
        <FreePass>
            <name>Free Pass</name>
            <cost>0</cost>
        </FreePass>
    </Location>
    <Location>
        <Property>
            <name>Exeter</name>
            <cost>3500000</cost>
            <costPerHouse>2000000</costPerHouse>
            <initialRent>350000</initialRent>
            <house1Rent>1750000</house1Rent>
            <house2Rent>5000000</house2Rent>
            <house3Rent>11000000</house3Rent>
            <house4Rent>13000000</house4Rent>
            <hotelRent>15000000</hotelRent>
            <color>DARKBLUE</color>
            <numOfColors>2</numOfColors>
        </Property>
    </Location>
    <Location>
        <Tax>
            <name>Super Tax</name>
            <cost>1000000</cost>
        </Tax>
    </Location>
    <Location>
        <Property>
            <name>St. Albans</name>
            <cost>4000000</cost>
            <costPerHouse>2000000</costPerHouse>
            <initialRent>500000</initialRent>
            <house1Rent>2000000</house1Rent>
            <house2Rent>6000000</house2Rent>
            <house3Rent>14000000</house3Rent>
            <house4Rent>17000000</house4Rent>
            <hotelRent>2000000</hotelRent>
            <color>DARKBLUE</color>
            <numOfColors>2</numOfColors>
        </Property>
    </Location>
</boardmodel>